{
    "name": "dmlesSystem",
    "collections": [
        {
            "ServiceAgencies": {
                "_id": {
                    "type": "ObjectId"
                },
                "code": {
                    "type": "String"
                },
                "name": {
                    "type": "String"
                },
                "regions": [{
                        "code": {
                            "type": "String"
                        },
                        "name": {
                            "type": "String"
                        },
                        "sites": [{
                                "dodaac": {
                                    "type": "String"
                                },
                                "name": {
                                    "type": "String"
                                }
                            }]
                    }]
            }
        }
    ]
}
