{
    "name": "dmlesFinance",
    "collections": [
        {
            "AppropriationConfig": {
                "_id": {
                    "type": "ObjectId"
                },
                "className": {
                    "type": "String"
                },
                "accountingSystemId": {
                    "type": "String"
                },
                "visibleFields": {
                    "type": "Array"
                }
            }
        },
        {
            "Appropriation": {
                "_id": {
                    "type": "ObjectId"
                },
                "accountClassification": {
                    "type": "String"
                },
                "apportionment": {
                    "type": "String"
                },
                "limitation": {
                    "type": "String"
                },
                "description": {
                    "type": "String"
                },
                "accountingClassificationReference": {
                    "type": "String"
                },
                "authorizedAccountingActivity": {
                    "type": "String"
                },
                "bureauControl": {
                    "type": "String"
                },
                "costCode": {
                    "type": "String"
                },
                "objectClass": {
                    "type": "String"
                },
                "propertyAccountingActivity": {
                    "type": "String"
                },
                "transactionType": {
                    "type": "String"
                },
                "mainAccount": {
                    "code": {
                        "type": "String"
                    },
                    "departmentRegular": {
                        "type": "String"
                    },
                    "duration": {
                        "type": "String"
                    },
                    "limit": {
                        "type": "String"
                    },
                    "type": {
                        "type": "String"
                    }
                },
                "costCenter": {
                    "ccId": {
                        "type": "String"
                    },
                    "ouid": {
                        "type": "String"
                    },
                    "description": {
                        "type": "String"
                    },
                    "shortDescription": {
                        "type": "String"
                    }
                },
                "responsibleCostCenter": {
                    "ccId": {
                        "type": "String"
                    }
                },
                "beginDate": {
                    "type": "Date"
                },
                "endDate": {
                    "type": "Date"
                },
                "targetAmount": {
                    "type": "Number"
                },
                "accountingSystem": {
                    "type": "String"
                },
                "activity": {
                    "type": "String"
                },
                "agencyDisbursing": {
                    "type": "String"
                },
                "agencyAccounting": {
                    "type": "String"
                },
                "availabilityPeriod": {
                    "type": "String"
                },
                "availabilityType": {
                    "type": "String"
                },
                "beginPeriodFiscalYear": {
                    "type": "String"
                },
                "budgetLineItem": {
                    "type": "String"
                },
                "budgetActivity": {
                    "type": "String"
                },
                "budgetSubActivity": {
                    "type": "String"
                },
                "businessEventType": {
                    "type": "String"
                },
                "costElementCode": {
                    "type": "String"
                },
                "cumulativeFundAmount": {
                    "type": "Number"
                },
                "departmentTransfer": {
                    "type": "String"
                },
                "endPeriodFiscalYear": {
                    "type": "String"
                },
                "functionalArea": {
                    "type": "String"
                },
                "fundCode": {
                    "type": "String"
                },
                "fundedProgram": {
                    "type": "String"
                },
                "fund": {
                    "type": "String"
                },
                "fundingCenter": {
                    "type": "String"
                },
                "org": {
                    "type": "String"
                },
                "programYear": {
                    "type": "String"
                },
                "reimbursableFlag": {
                    "type": "String"
                },
                "service": {
                    "type": "String"
                },
                "status": {
                    "type": "String"
                },
                "subAccount": {
                    "type": "String"
                },
                "subAllocationHolder": {
                    "type": "String"
                },
                "subClass": {
                    "type": "String"
                },
                "type": {
                    "type": "String"
                },
                "recordId": {
                    "type": "String"
                },
                "wbsDescription": {
                    "type": "String"
                },
                "wbsElement": {
                    "type": "String"
                }
            }
        },
        {
            "MainAccount": {
                "_id": {
                    "type": "ObjectId"
                },
                "code": {
                    "type": "String"
                },
                "type": {
                    "type": "String"
                },
                "name": {
                    "type": "String"
                },
                "description": {
                    "type": "String"
                },
                "isFederal": {
                    "type": "Boolean"
                }
            }
        }
    ]
}
