{
    "name": "dmlesFilemanager",
    "collections": [
        {
            "FileManager": {
                "_id": {
                    "type": "ObjectId"
                },
                "description": {
                    "type": "String"
                },
                "uploadDateTime": {
                    "type": "Date"
                },
                "fileId": {
                    "type": "String"
                },
                "fileName": {
                    "type": "String"
                },
                "fileSize": {
                    "type": "Number"
                },
                "uploadedBy": {
                    "type": "String"
                },
                "repositoryFileName": {
                    "type": "String"
                },
                "uploadedFileName": {
                    "type": "String"
                }
            }
        },
        {
            "FileManager_preUpdate": {
                "_id": {
                    "type": "ObjectId"
                },
                "description": {
                    "type": "String"
                },
                "uploadDateTime": {
                    "type": "Date"
                },
                "fileId": {
                    "type": "String"
                },
                "fileName": {
                    "type": "String"
                },
                "repositoryFileName": {
                    "type": "String"
                },
                "uploadedFileName": {
                    "type": "String"
                },
                "fileSize": {
                    "type": "Number"
                },
                "uploadedBy": {
                    "type": "String"
                }
            }
        },
        {
            "Configuration": {
                "_id": {
                    "type": "ObjectId"
                },
                "name": {
                    "type": "String"
                },
                "value": {
                    "type": "String"
                }
            }
        }
    ]
}
