{
    "name": "dmlesUser",
    "collections": [
        {
            "AppUserProfile": {
                "_id": {
                    "type": "ObjectId"
                },
                "className": {
                    "type": "String"
                },
                "active": {
                    "type": "Boolean"
                },
                "email": {
                    "type": "String"
                },
                "firstName": {
                    "type": "String"
                },
                "lastName": {
                    "type": "String"
                },
                "password": {
                    "type": "String"
                },
                "lastLoginDate": {
                    "type": "Date"
                },
                "pkiDn": {
                    "type": "String"
                },
                "profileName": {
                    "type": "String"
                },
                "roles": [{
                        "$ref": {
                            "type": "Role"
                        },
                        "$id": {
                            "type": "ObjectId"
                        }
                    }],
                "userType": {
                    "type": "String"
                },
                "serviceCode": {
                    "type": "String"
                },
                "current": {
                    "type": "Boolean"
                },
                "unlockedDate": {
                    "type": "Date"
                },
                "suspendedDate": {
                    "type": "Date"
                },
                "retiredDate": {
                    "type": "Date"
                },
                "phoneNumbers": [{
                        "phoneNumberType": {
                            "type": "String"
                        },
                        "value": {
                            "type": "String"
                        }
                    }],
                "registrationProfileId": {
                    "type": "String"
                },
                "regionCode": {
                    "type": "String"
                },
                "dodaac": {
                    "type": "String"
                },
                "isDefault": {
                    "type": "Boolean"
                },
                "assignedPermissions": [{
                        "name": {
                            "type": "String"
                        },
                        "allowed": {
                            "type": "Boolean"
                        },
                        "permission": {
                            "$ref": {
                                "type": "Permission"
                            },
                            "$id": {
                                "type": "ObjectId"
                            }
                        }
                    }],
                "reasonForAccess": {
                    "type": "String"
                }
            }
        },
        {
            "State": {
                "_id": {
                    "type": "ObjectId"
                },
                "name": {
                    "type": "String"
                }
            }
        },
        {
            "Permission": {
                "_id": {
                    "type": "ObjectId"
                },
                "className": {
                    "type": "String"
                },
                "name": {
                    "type": "String"
                },
                "states": [{
                        "$ref": {
                            "type": "State"
                        },
                        "$id": {
                            "type": "ObjectId"
                        }
                    }],
                "elements": [{
                        "$ref": {
                            "type": "Element"
                        },
                        "$id": {
                            "type": "ObjectId"
                        }
                    }],
                "functionalArea": {
                    "type": "String"
                },
                "description": {
                    "type": "String"
                },
                "active": {
                    "type": "Boolean"
                }
            }
        },
        {
            "Endpoint": {
                "_id": {
                    "type": "ObjectId"
                },
                "businessMethod": {
                    "type": "String"
                },
                "parameters": {
                    "type": "Array"
                },
                "userMessage": {
                    "type": "String"
                },
                "logMessage": {
                    "type": "String"
                },
                "url": {
                    "type": "String"
                },
                "className": {
                    "type": "String"
                }
            }
        },
        {
            "Role": {
                "_id": {
                    "type": "ObjectId"
                },
                "className": {
                    "type": "String"
                },
                "name": {
                    "type": "String"
                },
                "assignedPermissions": [{
                        "name": {
                            "type": "String"
                        },
                        "allowed": {
                            "type": "Boolean"
                        },
                        "permission": {
                            "$ref": {
                                "type": "Permission"
                            },
                            "$id": {
                                "type": "ObjectId"
                            }
                        },
                        "active": {
                            "type": "Boolean"
                        }
                    }],
                "active": {
                    "type": "Boolean"
                },
                "functionalArea": {
                    "type": "String"
                },
                "description": {
                    "type": "String"
                },
                "systemRole": {
                    "type": "Boolean"
                },
                "roles": [{
                        "$ref": {
                            "type": "Role"
                        },
                        "$id": {
                            "type": "ObjectId"
                        }
                    }]
            }
        },
        {
            "Services": {
                "_id": {
                    "type": "ObjectId"
                },
                "code": {
                    "type": "String"
                },
                "name": {
                    "type": "String"
                },
                "ServiceRegions": [{
                        "code": {
                            "type": "String"
                        },
                        "name": {
                            "type": "String"
                        }
                    }]
            }
        },
        {
            "AppUserProfileRegistration": {
                "_id": {
                    "type": "ObjectId"
                },
                "className": {
                    "type": "String"
                },
                "userProfileId": {
                    "type": "String"
                },
                "accessApprovedDate": {
                    "type": "Date"
                },
                "accessDeniedDate": {
                    "type": "Date"
                },
                "accessRequestedDate": {
                    "type": "Date"
                },
                "email": {
                    "type": "String"
                },
                "firstName": {
                    "type": "String"
                },
                "lastName": {
                    "type": "String"
                },
                "reasonForAccess": {
                    "type": "String"
                },
                "adminNotes": {
                    "type": "String"
                },
                "password": {
                    "type": "String"
                },
                "userType": {
                    "type": "String"
                },
                "serviceCode": {
                    "type": "String"
                },
                "regionCode": {
                    "type": "String"
                },
                "dodaac": {
                    "type": "String"
                },
                "phoneNumbers": [{
                        "phoneNumberType": {
                            "type": "String"
                        },
                        "value": {
                            "type": "String"
                        }
                    }],
                "pkiDn": {
                    "type": "String"
                }
            }
        },
        {
            "Regions": {
                "_id": {
                    "type": "ObjectId"
                },
                "regionID": {
                    "type": "String"
                },
                "regionName": {
                    "type": "String"
                }
            }
        },
        {
            "Site": {
                "_id": {
                    "type": "ObjectId"
                },
                "className": {
                    "type": "String"
                },
                "dodaac": {
                    "type": "String"
                },
                "name": {
                    "type": "String"
                },
                "description": {
                    "type": "String"
                },
                "service": {
                    "$ref": {
                        "type": "Services"
                    },
                    "$id": {
                        "type": "ObjectId"
                    }
                },
                "active": {
                    "type": "Boolean"
                },
                "enabled": {
                    "type": "Boolean"
                },
                "dmlesEnabled": {
                    "type": "Boolean"
                },
                "region": {
                    "type": "String"
                }
            }
        },
        {
            "Element": {
                "_id": {
                    "type": "ObjectId"
                },
                "name": {
                    "type": "String"
                }
            }
        }
    ]
}
