{
    "name": "dmlesEquipment",
    "collections": [
        {
            "EquipmentRequestWorkflowDefinition": {
                "_id": {
                    "type": "ObjectId"
                },
                "className": {
                    "type": "String"
                },
                "name": {
                    "type": "String"
                },
                "service": {
                    "type": "String"
                },
                "reviewResponses": [{
                        "code": {
                            "type": "Number"
                        },
                        "text": {
                            "type": "String"
                        }
                    }],
                "levelDefinitions": [{
                        "levelId": {
                            "type": "Number"
                        },
                        "name": {
                            "type": "String"
                        },
                        "userType": {
                            "type": "String"
                        },
                        "ownerRoleId": {
                            "type": "String"
                        },
                        "rules": {
                            "allowReviewBypassOnApprove": {
                                "type": "Boolean"
                            },
                            "allowReviewSelection": {
                                "type": "Boolean"
                            },
                            "allowForceUp": {
                                "type": "Boolean"
                            },
                            "allowAutoApproveAfterReview": {
                                "type": "Boolean"
                            },
                            "allowModify": {
                                "type": "Boolean"
                            },
                            "allowReject": {
                                "type": "Boolean"
                            },
                            "allowHold": {
                                "type": "Boolean"
                            },
                            "allowRework": {
                                "type": "Boolean"
                            },
                            "allowRequestCancel": {
                                "type": "Boolean"
                            },
                            "allowCancel": {
                                "type": "Boolean"
                            },
                            "allowOwnerOverrideNegativeReviews": {
                                "type": "Boolean"
                            },
                            "allowRetract": {
                                "type": "Boolean"
                            },
                            "allowNoteConcern": {
                                "type": "Boolean"
                            }
                        },
                        "levelDefinitionReviews": [{
                                "elementName": {
                                    "type": "String"
                                },
                                "roleId": {
                                    "type": "String"
                                },
                                "reviewDisplayName": {
                                    "type": "String"
                                }
                            }]
                    }],
                "active": {
                    "type": "Boolean"
                },
                "version": {
                    "type": "String"
                },
                "dateCreated": {
                    "type": "Date"
                },
                "dateUpdated": {
                    "type": "Date"
                },
                "effectiveDate": {
                    "type": "Date"
                },
                "updatedBy": {
                    "type": "String"
                }
            }
        },
        {
            "TraineeLocationType": {
                "_id": {
                    "type": "ObjectId"
                },
                "trainingLocationTypeCd": {
                    "type": "String"
                },
                "trainingLocationTypeTx": {
                    "type": "String"
                }
            }
        },
        {
            "EquipRequestType": {
                "_id": {
                    "type": "ObjectId"
                },
                "code": {
                    "type": "String"
                },
                "name": {
                    "type": "String"
                }
            }
        },
        {
            "Device": {
                "_id": {
                    "type": "ObjectId"
                },
                "nomenclature": {
                    "type": "String"
                },
                "deviceCode": {
                    "type": "String"
                },
                "isCentrallyManaged": {
                    "type": "Boolean"
                },
                "definition": {
                    "type": "String"
                },
                "isMaintenanceRequired": {
                    "type": "Boolean"
                },
                "isRetired": {
                    "type": "Boolean"
                },
                "lifeExpectancyYears": {
                    "type": "Number"
                },
                "specialtyCodes": {
                    "type": "Array"
                },
                "relativeRiskLevelCode": {
                    "type": "Number"
                },
                "deviceAccountableCode": {
                    "type": "String"
                }
            }
        },
        {
            "EquipmentRequest": {
                "_id": {
                    "type": "ObjectId"
                },
                "className": {
                    "type": "String"
                },
                "updatedBy": {
                    "type": "String"
                },
                "updatedDate": {
                    "type": "Date"
                },
                "totalRequisitionCost": {
                    "type": "Number"
                },
                "totalOtherCost": {
                    "type": "Number"
                },
                "catalogItem": {
                    "id": {
                        "type": "String"
                    },
                    "acctReqCd": {
                        "type": "String"
                    },
                    "activeEquipRecords": {
                        "type": "Number"
                    },
                    "burdenedPriceAmt": {
                        "type": "Number"
                    },
                    "capitalEquip": {
                        "type": "String"
                    },
                    "ciiCd": {
                        "type": "String"
                    },
                    "cogCd": {
                        "type": "String"
                    },
                    "commType": {
                        "type": "String"
                    },
                    "commcClassCentralMgInd": {
                        "type": "String"
                    },
                    "commodClsSerial": {
                        "type": "Number"
                    },
                    "commodityClsNm": {
                        "type": "String"
                    },
                    "contractTypeCd": {
                        "type": "String"
                    },
                    "createDt": {
                        "type": "String"
                    },
                    "createUserId": {
                        "type": "String"
                    },
                    "dapaNum": {
                        "type": "String"
                    },
                    "demilCd": {
                        "type": "String"
                    },
                    "deviceCd": {
                        "type": "String"
                    },
                    "deviceCentralMgInd": {
                        "type": "String"
                    },
                    "deviceText": {
                        "type": "String"
                    },
                    "dispAuthorityCd": {
                        "type": "String"
                    },
                    "dmTypeCd": {
                        "type": "String"
                    },
                    "ecatItemId": {
                        "type": "String"
                    },
                    "eiAccntblCd": {
                        "type": "String"
                    },
                    "eiEqpmtSrc": {
                        "type": "String"
                    },
                    "eiHertzRate": {
                        "type": "String"
                    },
                    "eiLineItemNum": {
                        "type": "String"
                    },
                    "eiLogsControlCd": {
                        "type": "String"
                    },
                    "eiMaintReqrCd": {
                        "type": "String"
                    },
                    "eiTmdeInd": {
                        "type": "String"
                    },
                    "eiVoltageRate": {
                        "type": "String"
                    },
                    "endItemCd": {
                        "type": "String"
                    },
                    "eorSerial": {
                        "type": "Number"
                    },
                    "eqpmtCategoryCd": {
                        "type": "String"
                    },
                    "eqpmtModelNum": {
                        "type": "String"
                    },
                    "freeIssueInd": {
                        "type": "String"
                    },
                    "hazmatCd": {
                        "type": "String"
                    },
                    "hibcc": {
                        "type": "String"
                    },
                    "inactiveEquipRecords": {
                        "type": "Number"
                    },
                    "ipPackCd": {
                        "type": "String"
                    },
                    "ipPackQty": {
                        "type": "Number"
                    },
                    "itemCatCd": {
                        "type": "String"
                    },
                    "itemId": {
                        "type": "String"
                    },
                    "itemSerial": {
                        "type": "Number"
                    },
                    "lastUpdateDt": {
                        "type": "String"
                    },
                    "lastUpdateUserId": {
                        "type": "String"
                    },
                    "longItemDesc": {
                        "type": "String"
                    },
                    "manufCatNum": {
                        "type": "String"
                    },
                    "manufacturerNm": {
                        "type": "String"
                    },
                    "milServiceId": {
                        "type": "String"
                    },
                    "naicsSerial": {
                        "type": "String"
                    },
                    "ndc": {
                        "type": "String"
                    },
                    "nsn": {
                        "type": "String"
                    },
                    "orgId": {
                        "type": "String"
                    },
                    "packCd": {
                        "type": "String"
                    },
                    "packPriceAmt": {
                        "type": "Number"
                    },
                    "pcPayInd": {
                        "type": "String"
                    },
                    "phaseRate": {
                        "type": "String"
                    },
                    "productSeqId": {
                        "type": "String"
                    },
                    "quantity": {
                        "type": "Number"
                    },
                    "shortItemDesc": {
                        "type": "String"
                    },
                    "sosCd": {
                        "type": "String"
                    },
                    "sosTypeCd": {
                        "type": "String"
                    },
                    "standardized": {
                        "type": "String"
                    },
                    "supplierNm": {
                        "type": "String"
                    },
                    "systemTypeCd": {
                        "type": "String"
                    },
                    "typeItemId": {
                        "type": "String"
                    },
                    "upCreateDt": {
                        "type": "String"
                    },
                    "upCreateUserId": {
                        "type": "String"
                    },
                    "upLastUpdateDt": {
                        "type": "String"
                    },
                    "upLastUpdateUserId": {
                        "type": "String"
                    },
                    "vendItemNum": {
                        "type": "String"
                    },
                    "cartQuantity": {
                        "type": "Number"
                    },
                    "cartPrice": {
                        "type": "Number"
                    }
                },
                "requestInformation": {
                    "criticalCode": {
                        "type": "String"
                    },
                    "submitter": {
                        "userId": {
                            "type": "String"
                        },
                        "firstName": {
                            "type": "String"
                        },
                        "lastName": {
                            "type": "String"
                        },
                        "phoneNumber": {
                            "type": "String"
                        },
                        "email": {
                            "type": "String"
                        },
                        "dodaac": {
                            "type": "String"
                        },
                        "serviceCode": {
                            "type": "String"
                        },
                        "regionCode": {
                            "type": "String"
                        }
                    },
                    "customer": {
                        "custodianFirstName": {
                            "type": "String"
                        },
                        "custodianLastName": {
                            "type": "String"
                        },
                        "custodianPhoneNum": {
                            "type": "String"
                        },
                        "customerID": {
                            "type": "String"
                        },
                        "customerName": {
                            "type": "String"
                        },
                        "customerSerial": {
                            "type": "String"
                        }
                    },
                    "description": {
                        "type": "String"
                    },
                    "equipment": {
                        "catalogId": {
                            "type": "String"
                        },
                        "description": {
                            "type": "String"
                        },
                        "isFoundInCatalog": {
                            "type": "Boolean"
                        },
                        "manufacturer": {
                            "type": "String"
                        },
                        "model": {
                            "type": "String"
                        },
                        "nomenclature": {
                            "type": "String"
                        },
                        "deviceCode": {
                            "type": "String"
                        },
                        "otherSystemRequired": {
                            "type": "String"
                        },
                        "unitCost": {
                            "type": "Number"
                        }
                    },
                    "extraItems": [{
                            "itemDescription": {
                                "type": "String"
                            },
                            "catalogNumber": {
                                "type": "String"
                            },
                            "unitOfPurchase": {
                                "type": "String"
                            },
                            "unitCost": {
                                "type": "Number"
                            },
                            "quantity": {
                                "type": "Number"
                            },
                            "type": {
                                "type": "String"
                            }
                        }],
                    "missionImpact": {
                        "type": "String"
                    },
                    "missionImpactDoc": {
                        "type": "String"
                    },
                    "organization": {
                        "organizationID": {
                            "type": "String"
                        },
                        "organizationOrgName": {
                            "type": "String"
                        },
                        "organizationSerial": {
                            "type": "String"
                        }
                    },
                    "requestedDeliveryDate": {
                        "type": "Date"
                    },
                    "requestedDeliveryDateReason": {
                        "type": "String"
                    },
                    "requestor": {
                        "userId": {
                            "type": "String"
                        },
                        "firstName": {
                            "type": "String"
                        },
                        "lastName": {
                            "type": "String"
                        },
                        "phoneNumber": {
                            "type": "String"
                        },
                        "email": {
                            "type": "String"
                        },
                        "defaultDodaac": {
                            "type": "String"
                        }
                    },
                    "requestedItemId": {
                        "type": "String"
                    },
                    "requestNumber": {
                        "type": "String"
                    },
                    "requestTitle": {
                        "type": "String"
                    },
                    "requestReason": {
                        "code": {
                            "type": "String"
                        },
                        "mask": {
                            "type": "String"
                        },
                        "name": {
                            "type": "String"
                        }
                    },
                    "requestType": {
                        "code": {
                            "type": "String"
                        },
                        "name": {
                            "type": "String"
                        }
                    },
                    "replacedItems": [{
                            "ecn": {
                                "type": "String"
                            },
                            "name": {
                                "type": "String"
                            },
                            "lifeExpectancy": {
                                "type": "String"
                            },
                            "condition": {
                                "type": "String"
                            },
                            "disposal": {
                                "type": "String"
                            },
                            "comment": {
                                "type": "String"
                            },
                            "acquisitionDate": {
                                "type": "Date"
                            }
                        }],
                    "suggestedSources": [{
                            "creditCard": {
                                "type": "Boolean"
                            },
                            "primarySource": {
                                "type": "Boolean"
                            },
                            "contract": {
                                "type": "String"
                            },
                            "pocEmail": {
                                "type": "String"
                            },
                            "pocFirstName": {
                                "type": "String"
                            },
                            "pocLastName": {
                                "type": "String"
                            },
                            "pocPhone1": {
                                "type": "String"
                            },
                            "pocPhone2": {
                                "type": "String"
                            },
                            "pocTitle": {
                                "type": "String"
                            },
                            "sourceName": {
                                "type": "String"
                            },
                            "supplierCatalogNumber": {
                                "type": "String"
                            },
                            "supplierCatalogReference": {
                                "type": "String"
                            },
                            "supplierAddress1": {
                                "type": "String"
                            },
                            "supplierAddress2": {
                                "type": "String"
                            },
                            "supplierCity": {
                                "type": "String"
                            },
                            "supplierState": {
                                "type": "String"
                            },
                            "supplierZip": {
                                "type": "String"
                            },
                            "supplierCountry": {
                                "type": "String"
                            },
                            "url": {
                                "type": "String"
                            },
                            "contractExpDate": {
                                "type": "Date"
                            },
                            "supplierCatalogDate": {
                                "type": "Date"
                            },
                            "justificationLetter": {
                                "description": {
                                    "type": "String"
                                },
                                "fileRef": {
                                    "fileId": {
                                        "type": "String"
                                    },
                                    "uploadedFileName": {
                                        "type": "String"
                                    },
                                    "uploadedDateTime": {
                                        "type": "Date"
                                    },
                                    "uploadedBy": {
                                        "type": "String"
                                    },
                                    "fileSize": {
                                        "type": "Number"
                                    }
                                },
                                "section": {
                                    "type": "String"
                                }
                            }
                        }],
                    "quantityRequested": {
                        "type": "Number"
                    },
                    "totalCompAccSupplies": {
                        "type": "Number"
                    },
                    "totalIncludedTrainingCost": {
                        "type": "Number"
                    },
                    "totalTDYCost": {
                        "type": "Number"
                    },
                    "training": [{
                            "trainees": {
                                "type": "String"
                            },
                            "people": {
                                "type": "Number"
                            },
                            "includedCost": {
                                "type": "Boolean"
                            },
                            "location": {
                                "type": "String"
                            },
                            "registrationCost": {
                                "type": "Number"
                            },
                            "travelCost": {
                                "type": "Number"
                            },
                            "perDiem": {
                                "type": "Number"
                            },
                            "days": {
                                "type": "Number"
                            },
                            "total": {
                                "type": "Number"
                            },
                            "comments": {
                                "type": "String"
                            }
                        }
                    ],
                    "equipmentRequirements": [{
                            "category": {
                                "type": "String"
                            },
                            "requirement": {
                                "type": "String"
                            },
                            "specification": {
                                "type": "String"
                            }
                        }]
                },
                "facilityInformation": {
                    "facilityModificationCost": {
                        "type": "Number"
                    },
                    "facilityModifications": {
                        "type": "String"
                    },
                    "utilities": [{
                            "name": {
                                "type": "String"
                            },
                            "required": {
                                "type": "Boolean"
                            },
                            "available": {
                                "type": "Boolean"
                            },
                            "na": {
                                "type": "Boolean"
                            },
                            "comments": {
                                "type": "String"
                            },
                            "specifications": {
                                "type": "String"
                            }
                        }],
                    "includedCost": {
                        "type": "Boolean"
                    }
                },
                "safetyInformation": {
                    "environmentalConcerns": [{
                            "name": {
                                "type": "String"
                            },
                            "generates": {
                                "type": "Boolean"
                            },
                            "uses": {
                                "type": "Boolean"
                            },
                            "na": {
                                "type": "Boolean"
                            },
                            "comments": {
                                "type": "String"
                            }
                        }],
                    "safetyConcerns": [{
                            "name": {
                                "type": "String"
                            },
                            "required": {
                                "type": "Boolean"
                            },
                            "na": {
                                "type": "Boolean"
                            },
                            "comments": {
                                "type": "String"
                            }
                        }]
                },
                "maintenanceInformation": {
                    "installationRequirements": [{
                            "description": {
                                "type": "String"
                            },
                            "cost": {
                                "type": "Number"
                            },
                            "includedCost": {
                                "type": "Boolean"
                            }
                        }],
                    "acceptanceInspection": {
                        "type": "Boolean"
                    },
                    "estimatedAnnualServiceCost": {
                        "type": "Number"
                    },
                    "installationRequired": {
                        "type": "String"
                    },
                    "literature": [{
                            "type": {
                                "type": "String"
                            },
                            "cost": {
                                "type": "Number"
                            },
                            "quantity": {
                                "type": "Number"
                            }
                        }
                    ],
                    "maintenanceActivity": {
                        "type": "String"
                    },
                    "maintenanceProvidedBy": {
                        "type": "String"
                    },
                    "maintenanceExplanation": {
                        "type": "String"
                    },
                    "tmdeRequired": {
                        "type": "String"
                    },
                    "totalIncludedInstallationCosts": {
                        "type": "Number"
                    },
                    "totalOtherInstallationCosts": {
                        "type": "Number"
                    },
                    "totalLiteratureCosts": {
                        "type": "Number"
                    }
                },
                "technologyInformation": {
                    "technologyRequirements": [{
                            "name": {
                                "type": "String"
                            },
                            "required": {
                                "type": "Boolean"
                            },
                            "available": {
                                "type": "Boolean"
                            },
                            "na": {
                                "type": "Boolean"
                            },
                            "comments": {
                                "type": "String"
                            },
                            "specifications": {
                                "type": "String"
                            }
                        }],
                    "software": [{
                            "title": {
                                "type": "String"
                            },
                            "type": {
                                "type": "String"
                            },
                            "version": {
                                "type": "String"
                            }
                        }]
                },
                "wfProcessing": {
                    "$ref": {
                        "type": "EquipmentRequestWorkflowProcess"
                    },
                    "$id": {
                        "type": "ObjectId"
                    }
                },
                "notes": [{
                        "noteText": {
                            "type": "String"
                        },
                        "section": {
                            "type": "String"
                        },
                        "firstName": {
                            "type": "String"
                        },
                        "lastName": {
                            "type": "String"
                        },
                        "userId": {
                            "type": "ObjectId"
                        },
                        "dateCreated": {
                            "type": "Date"
                        }
                    }
                ],
                "attachments": [
                    {
                        "description": {
                            "type": "String"
                        },
                        "fileRef": {
                            "uploadDateTime": {
                                "type": "Date"
                            },
                            "fileId": {
                                "type": "String"
                            },
                            "uploadedFileName": {
                                "type": "String"
                            },
                            "fileSize": {
                                "type": "Number"
                            },
                            "uploadedBy": {
                                "type": "String"
                            }
                        },
                        "section": {
                            "type": "String"
                        }
                    }
                ]
            }
        },
        {
            "EquipmentRequestWorkflowProcess": {
                "_id": {
                    "type": "ObjectId"
                },
                "className": {
                    "type": "String"
                },
                "requestId": {
                    "type": "String"
                },
                "currentLevelId": {
                    "type": "Number"
                },
                "currentStatus": {
                    "type": "String"
                },
                "currentOwnerRole": {
                    "type": "String"
                },
                "isCompleted": {
                    "type": "Boolean"
                },
                "wfDefinition": {
                    "$ref": {
                        "type": "EquipmentRequestWorkflowDefinition"
                    },
                    "$id": {
                        "type": "ObjectId"
                    }
                },
                "levels": {
                    "0": {
                        "levelId": {
                            "type": "Number"
                        },
                        "levelName": {
                            "type": "String"
                        },
                        "status": {
                            "type": "String"
                        },
                        "reviews": [{
                                "reviewDisplayName": {
                                    "type": "String"
                                },
                                "elementName": {
                                    "type": "String"
                                },
                                "reviewStatus": {
                                    "type": "String"
                                },
                                "roleId": {
                                    "type": "String"
                                },
                                "selectedUserId": {
                                    "type": "String"
                                },
                                "reviewResult": {
                                    "code": {
                                        "type": "Number"
                                    },
                                    "text": {
                                        "type": "String"
                                    }
                                },
                                "reviewUsers": [{
                                        "id": {
                                            "type": "String"
                                        },
                                        "profileName": {
                                            "type": "String"
                                        },
                                        "pkiDn": {
                                            "type": "String"
                                        },
                                        "dodaac": {
                                            "type": "String"
                                        },
                                        "email": {
                                            "type": "String"
                                        },
                                        "firstName": {
                                            "type": "String"
                                        },
                                        "lastName": {
                                            "type": "String"
                                        },
                                        "userType": {
                                            "type": "String"
                                        },
                                        "serviceCode": {
                                            "type": "String"
                                        },
                                        "regionCode": {
                                            "type": "String"
                                        }
                                    }],
                                "comments": [{
                                        "id": {
                                            "type": "Long"
                                        },
                                        "firstName": {
                                            "type": "String"
                                        },
                                        "lastName": {
                                            "type": "String"
                                        },
                                        "comment": {
                                            "type": "String"
                                        },
                                        "created": {
                                            "type": "Date"
                                        }
                                    }]
                            }],
                        "comments": [{
                                "id": {
                                    "type": "Long"
                                },
                                "firstName": {
                                    "type": "String"
                                },
                                "lastName": {
                                    "type": "String"
                                },
                                "comment": {
                                    "type": "String"
                                },
                                "levelName": {
                                    "type": "String"
                                },
                                "created": {
                                    "type": "Date"
                                }
                            }],
                        "history": [{
                                "id": {
                                    "type": "Long"
                                },
                                "level": {
                                    "type": "String"
                                },
                                "user": {
                                    "type": "String"
                                },
                                "action": {
                                    "type": "String"
                                },
                                "section": {
                                    "type": "String"
                                },
                                "when": {
                                    "type": "Date"
                                }
                            }],
                        "updatedBy": {
                            "type": "String"
                        },
                        "updatedDate": {
                            "type": "Date"
                        }
                    },
                    "1": {
                        "levelId": {
                            "type": "Number"
                        },
                        "levelName": {
                            "type": "String"
                        },
                        "status": {
                            "type": "String"
                        },
                        "reviews": [{
                                "reviewDisplayName": {
                                    "type": "String"
                                },
                                "elementName": {
                                    "type": "String"
                                },
                                "reviewStatus": {
                                    "type": "String"
                                },
                                "roleId": {
                                    "type": "String"
                                },
                                "selectedUserId": {
                                    "type": "String"
                                },
                                "reviewResult": {
                                    "type": "String"
                                },
                                "reviewUsers": [{
                                        "id": {
                                            "type": "String"
                                        },
                                        "profileName": {
                                            "type": "String"
                                        },
                                        "pkiDn": {
                                            "type": "String"
                                        },
                                        "dodaac": {
                                            "type": "String"
                                        },
                                        "email": {
                                            "type": "String"
                                        },
                                        "firstName": {
                                            "type": "String"
                                        },
                                        "lastName": {
                                            "type": "String"
                                        },
                                        "userType": {
                                            "type": "String"
                                        },
                                        "serviceCode": {
                                            "type": "String"
                                        },
                                        "regionCode": {
                                            "type": "String"
                                        }
                                    }],
                                "comments": [{
                                        "id": {
                                            "type": "Long"
                                        },
                                        "firstName": {
                                            "type": "String"
                                        },
                                        "lastName": {
                                            "type": "String"
                                        },
                                        "comment": {
                                            "type": "String"
                                        },
                                        "created": {
                                            "type": "Date"
                                        }
                                    }]
                            }],
                        "comments": [{
                                "id": {
                                    "type": "Long"
                                },
                                "firstName": {
                                    "type": "String"
                                },
                                "lastName": {
                                    "type": "String"
                                },
                                "comment": {
                                    "type": "String"
                                },
                                "levelName": {
                                    "type": "String"
                                },
                                "created": {
                                    "type": "Date"
                                }
                            }],
                        "history": [{
                                "id": {
                                    "type": "Long"
                                },
                                "level": {
                                    "type": "String"
                                },
                                "user": {
                                    "type": "String"
                                },
                                "action": {
                                    "type": "String"
                                },
                                "section": {
                                    "type": "String"
                                },
                                "when": {
                                    "type": "Date"
                                }
                            }],
                        "updatedBy": {
                            "type": "String"
                        },
                        "updatedDate": {
                            "type": "Date"
                        }
                    },
                    "2": {
                        "levelId": {
                            "type": "Number"
                        },
                        "levelName": {
                            "type": "String"
                        },
                        "status": {
                            "type": "String"
                        },
                        "reviews": [{
                                "reviewDisplayName": {
                                    "type": "String"
                                },
                                "elementName": {
                                    "type": "String"
                                },
                                "reviewStatus": {
                                    "type": "String"
                                },
                                "roleId": {
                                    "type": "String"
                                },
                                "selectedUserId": {
                                    "type": "String"
                                },
                                "reviewResult": {
                                    "type": "String"
                                },
                                "reviewUsers": [{
                                        "id": {
                                            "type": "String"
                                        },
                                        "profileName": {
                                            "type": "String"
                                        },
                                        "pkiDn": {
                                            "type": "String"
                                        },
                                        "dodaac": {
                                            "type": "String"
                                        },
                                        "email": {
                                            "type": "String"
                                        },
                                        "firstName": {
                                            "type": "String"
                                        },
                                        "lastName": {
                                            "type": "String"
                                        },
                                        "userType": {
                                            "type": "String"
                                        },
                                        "serviceCode": {
                                            "type": "String"
                                        },
                                        "regionCode": {
                                            "type": "String"
                                        }
                                    }],
                                "comments": [{
                                        "id": {
                                            "type": "Long"
                                        },
                                        "firstName": {
                                            "type": "String"
                                        },
                                        "lastName": {
                                            "type": "String"
                                        },
                                        "comment": {
                                            "type": "String"
                                        },
                                        "created": {
                                            "type": "Date"
                                        }
                                    }]
                            }],
                        "comments": [{
                                "id": {
                                    "type": "Long"
                                },
                                "firstName": {
                                    "type": "String"
                                },
                                "lastName": {
                                    "type": "String"
                                },
                                "comment": {
                                    "type": "String"
                                },
                                "levelName": {
                                    "type": "String"
                                },
                                "created": {
                                    "type": "Date"
                                }
                            }],
                        "history": [{
                                "id": {
                                    "type": "Long"
                                },
                                "level": {
                                    "type": "String"
                                },
                                "user": {
                                    "type": "String"
                                },
                                "action": {
                                    "type": "String"
                                },
                                "section": {
                                    "type": "String"
                                },
                                "when": {
                                    "type": "Date"
                                }
                            }],
                        "updatedBy": {
                            "type": "String"
                        },
                        "updatedDate": {
                            "type": "Date"
                        }
                    },
                    "3": {
                        "levelId": {
                            "type": "Number"
                        },
                        "levelName": {
                            "type": "String"
                        },
                        "status": {
                            "type": "String"
                        },
                        "reviews": [{
                                "reviewDisplayName": {
                                    "type": "String"
                                },
                                "elementName": {
                                    "type": "String"
                                },
                                "reviewStatus": {
                                    "type": "String"
                                },
                                "reviewResult": {
                                    "type": "String"
                                },
                                "roleId": {
                                    "type": "String"
                                },
                                "selectedUserId": {
                                    "type": "String"
                                },
                                "reviewUsers": [{
                                        "id": {
                                            "type": "String"
                                        },
                                        "profileName": {
                                            "type": "String"
                                        },
                                        "pkiDn": {
                                            "type": "String"
                                        },
                                        "dodaac": {
                                            "type": "String"
                                        },
                                        "email": {
                                            "type": "String"
                                        },
                                        "firstName": {
                                            "type": "String"
                                        },
                                        "lastName": {
                                            "type": "String"
                                        },
                                        "userType": {
                                            "type": "String"
                                        },
                                        "serviceCode": {
                                            "type": "String"
                                        },
                                        "regionCode": {
                                            "type": "String"
                                        }
                                    }],
                                "comments": [{
                                        "id": {
                                            "type": "Long"
                                        },
                                        "firstName": {
                                            "type": "String"
                                        },
                                        "lastName": {
                                            "type": "String"
                                        },
                                        "comment": {
                                            "type": "String"
                                        },
                                        "created": {
                                            "type": "Date"
                                        }
                                    }]
                            }],
                        "comments": [{
                                "id": {
                                    "type": "Long"
                                },
                                "firstName": {
                                    "type": "String"
                                },
                                "lastName": {
                                    "type": "String"
                                },
                                "comment": {
                                    "type": "String"
                                },
                                "levelName": {
                                    "type": "String"
                                },
                                "created": {
                                    "type": "Date"
                                }
                            }],
                        "history": [{
                                "id": {
                                    "type": "Long"
                                },
                                "level": {
                                    "type": "String"
                                },
                                "user": {
                                    "type": "String"
                                },
                                "action": {
                                    "type": "String"
                                },
                                "section": {
                                    "type": "String"
                                },
                                "when": {
                                    "type": "Date"
                                }
                            }],
                        "updatedBy": {
                            "type": "String"
                        },
                        "updatedDate": {
                            "type": "Date"
                        }
                    }
                },
                "comments": [{
                        "id": {
                            "type": "Long"
                        },
                        "firstName": {
                            "type": "String"
                        },
                        "lastName": {
                            "type": "String"
                        },
                        "comment": {
                            "type": "String"
                        },
                        "levelName": {
                            "type": "String"
                        },
                        "created": {
                            "type": "Date"
                        }
                    }],
                "history": [{
                        "id": {
                            "type": "Long"
                        },
                        "level": {
                            "type": "String"
                        },
                        "user": {
                            "type": "String"
                        },
                        "action": {
                            "type": "String"
                        },
                        "section": {
                            "type": "String"
                        },
                        "when": {
                            "type": "Date"
                        }
                    }],
                "updatedBy": {
                    "type": "String"
                },
                "updatedDate": {
                    "type": "Date"
                }
            }
        },
        {
            "EquipRequestReason": {
                "_id": {
                    "type": "ObjectId"
                },
                "code": {
                    "type": "String"
                },
                "name": {
                    "type": "String"
                },
                "mask": {
                    "type": "String"
                }
            }
        },
        {
            "EquipTraineeType": {
                "_id": {
                    "type": "ObjectId"
                },
                "equipTraineeTypeCd": {
                    "type": "String"
                },
                "equipTraineeTypeTx": {
                    "type": "String"
                }
            }
        },
        {
            "SiteCatalogEquipment": {
                "_id": {
                    "type": "ObjectId"
                },
                "SiteID": {
                    "type": "String"
                },
                "ITEM_SERIAL": {
                    "type": "Number"
                },
                "VEND_ITEM_NUM": {
                    "type": "Long"
                },
                "ITEM_ID": {
                    "type": "String"
                },
                "SHORT_ITEM_DESC": {
                    "type": "String"
                },
                "LONG_ITEM_DESC": {
                    "type": "String"
                },
                "MANUF_CAT_NUM": {
                    "type": "String"
                },
                "MANUFACTURER_NM": {
                    "type": "String"
                },
                "NDC": {
                    "type": "String"
                },
                "NSN": {
                    "type": "String"
                },
                "CII_CD": {
                    "type": "String"
                },
                "COG_CD": {
                    "type": "String"
                },
                "DEMIL_CD": {
                    "type": "String"
                },
                "DISP_AUTHORITY_CD": {
                    "type": "String"
                },
                "FREE_ISSUE_IND": {
                    "type": "String"
                },
                "HAZMAT_CD": {
                    "type": "String"
                },
                "HIBCC": {
                    "type": "String"
                },
                "ITEM_CAT_CD": {
                    "type": "String"
                },
                "TYPE_ITEM_ID": {
                    "type": "String"
                },
                "STANDARDIZED": {
                    "type": "String"
                },
                "COMM_TYPE": {
                    "type": "String"
                },
                "COMMOD_CLS_SERIAL": {
                    "type": "Number"
                },
                "EOR_SERIAL": {
                    "type": "Number"
                },
                "COMMODITY_CLS_NM": {
                    "type": "String"
                },
                "CAPITAL_EQUIP": {
                    "type": "String"
                },
                "CENTRALLY_MG_IND": {
                    "type": "String"
                },
                "ACCT_REQ_CD": {
                    "type": "String"
                },
                "DEVICE_CD": {
                    "type": "Number"
                },
                "CENTRALLY_MG_IND1": {
                    "type": "String"
                },
                "DEVICE_TEXT": {
                    "type": "String"
                },
                "EI_ACCNTBL_CD": {
                    "type": "String"
                },
                "EI_MAINT_REQR_CD": {
                    "type": "String"
                },
                "SYSTEM_TYPE_CD": {
                    "type": "String"
                },
                "EI_VOLTAGE_RATE": {
                    "type": "Number"
                },
                "EI_HERTZ_RATE": {
                    "type": "Number"
                },
                "EI_PHASE_RATE": {
                    "type": "String"
                },
                "EI_LOGS_CONTROL_CD": {
                    "type": "String"
                },
                "EI_LINE_ITEM_NUM": {
                    "type": "String"
                },
                "EI_EQPMT_SRC": {
                    "type": "String"
                },
                "END_ITEM_CD": {
                    "type": "String"
                },
                "EQPMT_CATEGORY_CD": {
                    "type": "String"
                },
                "EQPMT_MODEL_NUM": {
                    "type": "String"
                },
                "EI_TMDE_IND": {
                    "type": "String"
                },
                "PRODUCT_SEQ_ID": {
                    "type": "Number"
                },
                "CREATE_DT": {
                    "type": "String"
                },
                "CREATE_USER_ID": {
                    "type": "String"
                },
                "LAST_UPDATE_DT": {
                    "type": "String"
                },
                "LAST_UPDATE_USER_ID": {
                    "type": "String"
                },
                "SOS_CD": {
                    "type": "String"
                },
                "SOS_TYPE_CD": {
                    "type": "String"
                },
                "SUPPLIER_NM": {
                    "type": "String"
                },
                "PC_PAY_IND": {
                    "type": "String"
                },
                "PACK_CD": {
                    "type": "String"
                },
                "DAPA_NUM": {
                    "type": "String"
                },
                "DM_TYPE_CD": {
                    "type": "String"
                },
                "CONTRACT_TYPE_CODE": {
                    "type": "String"
                },
                "NAICS_SERIAL": {
                    "type": "String"
                },
                "IP_PACK_CD": {
                    "type": "String"
                },
                "IP_PACK_QTY": {
                    "type": "Number"
                },
                "PACK_PRICE_AMT": {
                    "type": "Number"
                },
                "ECAT_ITEM_ID": {
                    "type": "String"
                },
                "BURDENED_PRICE_AMT": {
                    "type": "Number"
                },
                "CREATE_DT1": {
                    "type": "String"
                },
                "CREATE_USER_ID1": {
                    "type": "String"
                },
                "LAST_UPDATE_DT1": {
                    "type": "String"
                },
                "LAST_UPDATE_USER_ID1": {
                    "type": "String"
                },
                "ITEM_PIC": {
                    "type": "String"
                }
            }
        },
        {
            "RequestCriticality": {
                "_id": {
                    "type": "ObjectId"
                },
                "serviceAgency": {
                    "code": {
                        "type": "String"
                    },
                    "name": {
                        "type": "String"
                    }
                },
                "criticalCodes": [{
                        "code": {
                            "type": "String"
                        },
                        "description": {
                            "type": "String"
                        }
                    }]
            }
        },
        {
            "MaintenanceType": {
                "_id": {
                    "type": "ObjectId"
                },
                "serviceAgency": {
                    "code": {
                        "type": "String"
                    },
                    "name": {
                        "type": "String"
                    }
                },
                "types": {
                    "type": "Array"
                }
            }
        },
        {
            "EquipmentRecords": {
                "_id": {
                    "type": "ObjectId"
                },
                "siteDoDDAC": {
                    "type": "String"
                },
                "meId": {
                    "type": "Number"
                },
                "acqFunctionId": {
                    "type": "String"
                },
                "acqCapitalEquip": {
                    "type": "String"
                },
                "meApprovalRefTx": {
                    "type": "String"
                },
                "csvcPoNumId": {
                    "type": "String"
                },
                "acqCommodClsTx": {
                    "type": "String"
                },
                "meFirmwareVerId": {
                    "type": "String"
                },
                "meLastSvcDt": {
                    "type": "String"
                },
                "meUpgradeCstAmt": {
                    "type": "Number"
                },
                "meOtherMiscAmt": {
                    "type": "Number"
                },
                "meInstalltionAmt": {
                    "type": "Number"
                },
                "meTransportAmt": {
                    "type": "Number"
                },
                "meTradeInAmt": {
                    "type": "Number"
                },
                "meDiscountAmt": {
                    "type": "Number"
                },
                "meAccumDeprtAmt": {
                    "type": "Number"
                },
                "localContractId": {
                    "type": "String"
                },
                "meInstallationDt": {
                    "type": "String"
                },
                "acqSpecialtyCode": {
                    "type": "String"
                },
                "meAcnId": {
                    "type": "String"
                },
                "meVendorSiteId": {
                    "type": "String"
                },
                "maintAssmntTyCd": {
                    "type": "Number"
                },
                "supplyCond": {
                    "type": "String"
                },
                "meReturnDt": {
                    "type": "String"
                },
                "systemTypeCd": {
                    "type": "String"
                },
                "maSerial": {
                    "type": "Number"
                },
                "meSuspdSchedInd": {
                    "type": "String"
                },
                "transCd": {
                    "type": "String"
                },
                "meCreateDocNum": {
                    "type": "String"
                },
                "meWarntyPartEdt": {
                    "type": "String"
                },
                "meWarntyLabrEdt": {
                    "type": "String"
                },
                "meWarntyBegDt": {
                    "type": "String"
                },
                "otherGovtSosSer": {
                    "type": "Number"
                },
                "meInvKeyInCd": {
                    "type": "String"
                },
                "deleteInd": {
                    "type": "String"
                },
                "meManufModelId": {
                    "type": "String"
                },
                "meInvPerfrmNm": {
                    "type": "String"
                },
                "eqptInvReasonCd": {
                    "type": "String"
                },
                "itemSerial": {
                    "type": "Number"
                },
                "subCustdnPocSer": {
                    "type": "Number"
                },
                "custOrgSerial": {
                    "type": "Number"
                },
                "transReasTypeCd": {
                    "type": "String"
                },
                "maintSrcOrgSer": {
                    "type": "Number"
                },
                "commodClsSer": {
                    "type": "Number"
                },
                "meRfTime": {
                    "type": "String"
                },
                "meFyFundDate": {
                    "type": "String"
                },
                "updateMarker": {
                    "type": "Number"
                },
                "manufMdlSerId": {
                    "type": "Number"
                },
                "meMrlcQty": {
                    "type": "Number"
                },
                "schedFactorCd": {
                    "type": "Number"
                },
                "meRfLocTx": {
                    "type": "String"
                },
                "pltPermLocSer": {
                    "type": "Number"
                },
                "meModificatnCd": {
                    "type": "Number"
                },
                "sosSerial": {
                    "type": "Number"
                },
                "meLastInvntryDt": {
                    "type": "String"
                },
                "eqpmtInvMthdCd": {
                    "type": "String"
                },
                "meAcqDt": {
                    "type": "String"
                },
                "meTempLocTx": {
                    "type": "String"
                },
                "meAcqCostQty": {
                    "type": "Number"
                },
                "meDownStatusCd": {
                    "type": "String"
                },
                "ertReadinessCd": {
                    "type": "String"
                },
                "meOnloanCd": {
                    "type": "String"
                },
                "eqpmtOwnerTypCd": {
                    "type": "Number"
                },
                "meWrmPeactmCd": {
                    "type": "String"
                },
                "meManufacturedDt": {
                    "type": "String"
                },
                "meSystemId": {
                    "type": "Number"
                },
                "meEqpmtReqstId": {
                    "type": "String"
                },
                "meMfgSerialId": {
                    "type": "String"
                },
                "deviceClsCode": {
                    "type": "String"
                },
                "roomSerial": {
                    "type": "Number"
                },
                "meEcnId": {
                    "type": "String"
                },
                "deviceCd": {
                    "type": "String"
                },
                "manufOrgSerial": {
                    "type": "Number"
                },
                "meContrctrIndCd": {
                    "type": "String"
                },
                "customerOrgSer": {
                    "type": "Number"
                },
                "meAtsScannedByTx": {
                    "type": "String"
                },
                "meAtsStatusTx": {
                    "type": "String"
                },
                "meAtoExpiresDt": {
                    "type": "String"
                },
                "meAtoIssuedDt": {
                    "type": "String"
                },
                "meWirelessFrequencyTx": {
                    "type": "String"
                },
                "meApplicationEntityTitleTx": {
                    "type": "String"
                },
                "meMacAddressTx": {
                    "type": "String"
                },
                "meIpv6Address2Tx": {
                    "type": "String"
                },
                "meIpv6Address1Tx": {
                    "type": "String"
                },
                "meIpv4Address2Tx": {
                    "type": "String"
                },
                "meIpv4Address1Tx": {
                    "type": "String"
                },
                "meMachineNm": {
                    "type": "String"
                },
                "networkConnectionTypeId": {
                    "type": "Number"
                },
                "meNetworkConnectionInd": {
                    "type": "String"
                },
                "swOpSysSer": {
                    "type": "Number"
                },
                "meAccountingStatusDt": {
                    "type": "String"
                },
                "equipAccountingStatusCd": {
                    "type": "String"
                },
                "meSuspdSchedWoReasonTx": {
                    "type": "String"
                },
                "meGfeLoanInd": {
                    "type": "String"
                },
                "mePatientDataInd": {
                    "type": "String"
                },
                "meLifeSafetyInd": {
                    "type": "String"
                },
                "sourceMeId": {
                    "type": "String"
                },
                "sourceDodaac": {
                    "type": "String"
                },
                "meJmarTransmInd": {
                    "type": "String"
                },
                "meAtsStatusCd": {
                    "type": "String"
                },
                "meRfidAffixedDt": {
                    "type": "String"
                },
                "meRfid": {
                    "type": "String"
                },
                "meIuidAffixedDt": {
                    "type": "String"
                },
                "meIuidAffixedUserId": {
                    "type": "String"
                },
                "meIuidAffixedInd": {
                    "type": "String"
                },
                "entityInd": {
                    "type": "String"
                },
                "assetTypeCd": {
                    "type": "String"
                },
                "meDepRecoveryMonths": {
                    "type": "Number"
                },
                "dateDuiiStatus": {
                    "type": "String"
                },
                "duiiStatusCd": {
                    "type": "String"
                },
                "meDuidTypeCd": {
                    "type": "String"
                },
                "uidTypeCd": {
                    "type": "String"
                },
                "meIuid": {
                    "type": "String"
                },
                "meClinAlarmInd": {
                    "type": "String"
                },
                "equipBalanceId": {
                    "type": "Number"
                },
                "meInvLocationTx": {
                    "type": "String"
                },
                "acqFundCd": {
                    "type": "String"
                },
                "usmantSrcOrgSer": {
                    "type": "Number"
                },
                "fundSerial": {
                    "type": "String"
                },
                "recvdFromDocnum": {
                    "type": "String"
                },
                "assmInstNum": {
                    "type": "String"
                },
                "mfrDivSerial": {
                    "type": "Number"
                },
                "cfoAsstClsTyCd": {
                    "type": "String"
                },
                "facilitySerial": {
                    "type": "Number"
                },
                "eiAccntblCd": {
                    "type": "String"
                },
                "eiMaintReqrCd": {
                    "type": "String"
                },
                "devclfExpctnQty": {
                    "type": "Number"
                },
                "deviceText": {
                    "type": "String"
                },
                "deviceClsText": {
                    "type": "String"
                },
                "totalAqcCost": {
                    "type": "Number"
                },
                "itemId": {
                    "type": "String"
                },
                "mtfOrgID": {
                    "type": "String"
                },
                "mtfOrgNM": {
                    "type": "String"
                },
                "mtfOrgSerial": {
                    "type": "Number"
                },
                "mtfEMSerial": {
                    "type": "Number"
                },
                "custOrgNM": {
                    "type": "String"
                },
                "orgID": {
                    "type": "String"
                },
                "custdnPocSer": {
                    "type": "Number"
                },
                "custodianName": {
                    "type": "String"
                },
                "custodianPhone": {
                    "type": "String"
                },
                "subCustodianName": {
                    "type": "String"
                },
                "subCustodianPH": {
                    "type": "String"
                },
                "assemblyOrgNM": {
                    "type": "String"
                },
                "assemblyOrgID": {
                    "type": "String"
                },
                "assemblyMtfSer": {
                    "type": "String"
                },
                "assmInstDescr": {
                    "type": "String"
                },
                "assmNumDetail": {
                    "type": "String"
                },
                "assmDescrDetail": {
                    "type": "String"
                },
                "assm_inst_num": {
                    "type": "String"
                },
                "assemblage_count": {
                    "type": "Number"
                },
                "locationInventory": [{
                        "building": {
                            "type": "String"
                        },
                        "roomFloorNum": {
                            "type": "String"
                        },
                        "room": {
                            "type": "String"
                        },
                        "pltPermntLocTx": {
                            "type": "String"
                        },
                        "onlnEquipLoanDt": {
                            "type": "String"
                        },
                        "onlnEquipDayQty": {
                            "type": "Number"
                        },
                        "eqpmtInvMthdTx": {
                            "type": "String"
                        },
                        "eqptInvReasonTx": {
                            "type": "String"
                        },
                        "inacctSerial": {
                            "type": "String"
                        },
                        "locID": {
                            "type": "String"
                        },
                        "subLocID": {
                            "type": "String"
                        }
                    }],
                "approval": [{
                        "rankGrade": {
                            "type": "String"
                        },
                        "firstName": {
                            "type": "String"
                        },
                        "lastName": {
                            "type": "String"
                        },
                        "transReasTypeTx": {
                            "type": "String"
                        },
                        "mtfSerial": {
                            "type": "Number"
                        },
                        "equipBalanceRefTx": {
                            "type": "String"
                        },
                        "specialty": {
                            "type": "String"
                        },
                        "sos": {
                            "type": "String"
                        },
                        "cfoAsstClsTyTx": {
                            "type": "String"
                        },
                        "duidTypeDesc": {
                            "type": "String"
                        },
                        "duiiStatusDesc": {
                            "type": "String"
                        }
                    }],
                "maintenance": [{
                        "ME_ID": {
                            "type": "Number"
                        },
                        "ME_ECN_ID": {
                            "type": "String"
                        },
                        "DEVICE_CD": {
                            "type": "String"
                        },
                        "MA_SERIAL": {
                            "type": "Number"
                        },
                        "eiTmdeInd": {
                            "type": "String"
                        },
                        "contractorNm": {
                            "type": "String"
                        },
                        "rltDescTx": {
                            "type": "String"
                        },
                        "operationalStatus": {
                            "type": "String"
                        },
                        "maintActivityOrgNm": {
                            "type": "String"
                        },
                        "schedTeamOrgNm": {
                            "type": "String"
                        },
                        "unschedTeamOrgNm": {
                            "type": "String"
                        },
                        "otherGovtMaintSrc": {
                            "type": "String"
                        },
                        "schedFactorTx": {
                            "type": "String"
                        },
                        "ert_readiness_cd_and_text": {
                            "type": "String"
                        },
                        "maintAssmntTyTx": {
                            "type": "String"
                        },
                        "operationalStatusTx": {
                            "type": "String"
                        },
                        "workOrderCount": {
                            "type": "Number"
                        },
                        "mpId": {
                            "type": "Number"
                        },
                        "mel": {
                            "type": "Number"
                        },
                        "mrlc": {
                            "type": "Number"
                        }
                    }],
                "maintenanceType": [{
                        "ME_ID": {
                            "type": "Number"
                        },
                        "miTypeCode": {
                            "type": "Number"
                        },
                        "mdDueDt": {
                            "type": "String"
                        },
                        "mdLastSvcDt": {
                            "type": "String"
                        },
                        "miTypeDescText": {
                            "type": "String"
                        },
                        "mpId": {
                            "type": "Number"
                        },
                        "miInuseMonthQty": {
                            "type": "Number"
                        },
                        "miMobltyMnthQty": {
                            "type": "Number"
                        },
                        "miStoredMnthQty": {
                            "type": "Number"
                        },
                        "meId": {
                            "type": "String"
                        },
                        "operationalStatus": {
                            "type": "String"
                        }
                    }],
                "maintCost": [{
                        "mcFiscalYearTm": {
                            "type": "String"
                        },
                        "mcDownTime": {
                            "type": "Number"
                        },
                        "mcUnschdWoQty": {
                            "type": "Number"
                        },
                        "mcOPartCostAmt": {
                            "type": "Number"
                        },
                        "mcOUTimeQty": {
                            "type": "Number"
                        },
                        "mcOULabCstAmt": {
                            "type": "Number"
                        },
                        "mcOSTimeQty": {
                            "type": "Number"
                        },
                        "mcOSLabCstAmt": {
                            "type": "Number"
                        },
                        "mcCPartCostAmt": {
                            "type": "Number"
                        },
                        "mcCUTimeQty": {
                            "type": "Number"
                        },
                        "mcCULabCstAmt": {
                            "type": "Number"
                        },
                        "mcCSTimeQty": {
                            "type": "Number"
                        },
                        "mcCSLabCstAmt": {
                            "type": "Number"
                        }
                    }],
                "components": [{
                        "cMeID": {
                            "type": "Number"
                        },
                        "cMeEcnID": {
                            "type": "String"
                        },
                        "cMEItemSerial": {
                            "type": "Number"
                        },
                        "cItemID": {
                            "type": "String"
                        },
                        "cDeviceText": {
                            "type": "String"
                        },
                        "cManufOrgSerial": {
                            "type": "Number"
                        },
                        "cOrgName": {
                            "type": "String"
                        },
                        "cMeManufModelID": {
                            "type": "String"
                        },
                        "cMeMfgSerialID": {
                            "type": "String"
                        },
                        "cManufMdlSerID": {
                            "type": "Number"
                        },
                        "cManufMdlComnID": {
                            "type": "String"
                        },
                        "cTotalAcqCost": {
                            "type": "Number"
                        }
                    }],
                "notes": [{
                        "meId": {
                            "type": "Number"
                        },
                        "meNotesID": {
                            "type": "Number"
                        },
                        "meNoteAuthrNm": {
                            "type": "String"
                        },
                        "meNotesDate": {
                            "type": "String"
                        },
                        "meNotesText": {
                            "type": "String"
                        },
                        "meNotesTypeCD": {
                            "type": "String"
                        }
                    }]
            }
        },
        {
            "LiteratureType": {
                "_id": {
                    "type": "ObjectId"
                },
                "literatureTypeCd": {
                    "type": "String"
                },
                "literatureTypeTx": {
                    "type": "String"
                }
            }
        },
        {
            "EquipMountingType": {
                "_id": {
                    "type": "ObjectId"
                },
                "equipMountingTypeCd": {
                    "type": "Number"
                },
                "equipMountingTypeTx": {
                    "type": "String"
                }
            }
        },
        {
            "EquipManufacturer": {
                "_id": {
                    "type": "ObjectId"
                },
                "externalOrgSerial": {
                    "type": "Number"
                },
                "organizationNm": {
                    "type": "String"
                },
                "deleteInd": {
                    "type": "String"
                },
                "centrallyManagedInd": {
                    "type": "String"
                },
                "lastRevisionDt": {
                    "type": "String"
                },
                "lastRevisionUserId": {
                    "type": "String"
                }
            }
        },
        {
            "ReviewResponse": {
                "_id": {
                    "type": "String"
                },
                "code": {
                    "type": "Number"
                },
                "text": {
                    "type": "String"
                }
            }
        },
        {
            "Specialty": {
                "_id": {
                    "type": "ObjectId"
                },
                "code": {
                    "type": "String"
                },
                "description": {
                    "type": "String"
                }
            }
        },
        {
            "SiteEquipOrganizations": {
                "_id": {
                    "type": "ObjectId"
                },
                "siteDodaac": {
                    "type": "String"
                },
                "siteName": {
                    "type": "String"
                },
                "emOrgID": {
                    "type": "String"
                },
                "emOrgName": {
                    "type": "String"
                },
                "emOrgSerial": {
                    "type": "String"
                },
                "emAssociatedORGIDS": [{
                        "organizationSerial": {
                            "type": "String"
                        },
                        "organizationID": {
                            "type": "String"
                        },
                        "organizationOrgName": {
                            "type": "String"
                        },
                        "customerIDs": [{
                                "customerSerial": {
                                    "type": "String"
                                },
                                "customerID": {
                                    "type": "String"
                                },
                                "customerName": {
                                    "type": "String"
                                },
                                "custodianLastName": {
                                    "type": "String"
                                },
                                "custodianFirstName": {
                                    "type": "String"
                                },
                                "custodianPhoneNum": {
                                    "type": "String"
                                }
                            }]
                    }]
            }
        }
    ]
}
