{
    "name": "dmlesOrganization",
    "collections": [
        {
            "Node": {
                "_id": {
                    "type": "ObjectId"
                },
                "guid": {
                    "type": "String"
                },
                "children": {
                    "type": "Array"
                },
                "parent": {
                    "type": "String"
                },
                "name": {
                    "type": "String"
                },
                "orgId": {
                    "type": "String"
                },
                "milServiceId": {
                    "type": "String"
                },
                "providerCode": {
                    "type": "String"
                },
                "isPrimaryHost": {
                    "type": "Boolean"
                },
                "orgRef": {
                    "type": "String"
                },
                "parentRef": {
                    "type": "String"
                },
                "treeLevel": {
                    "type": "Number"
                },
                "nodeChain": {
                    "type": "String"
                }
            }
        }
    ]
}
