{
    "name": "dmlesBuyer",
    "collections": [
        {
            "PurchasePriority": {
                "_id": {
                    "type": "ObjectId"
                },
                "forceActivityDesignator": {
                    "type": "String"
                },
                "forceActivityName": {
                    "type": "String"
                },
                "emergencyLevel": {
                    "type": "Number"
                },
                "urgencyOfNeedsDesignatorFirst": {
                    "type": "Number"
                },
                "urgencyOfNeedsDesignatorSecond": {
                    "type": "Number"
                },
                "urgencyOfNeedsDesignatorThird": {
                    "type": "Number"
                }
            }
        },
        {
            "MediaStatus": {
                "_id": {
                    "type": "ObjectId"
                },
                "code": {
                    "type": "String"
                },
                "description": {
                    "type": "String"
                },
                "isCentrallyManaged": {
                    "type": "Boolean"
                }
            }
        },
        {
            "Advice": {
                "_id": {
                    "type": "ObjectId"
                },
                "code": {
                    "type": "String"
                },
                "description": {
                    "type": "String"
                }
            }
        },
        {
            "Signal": {
                "_id": {
                    "type": "ObjectId"
                },
                "code": {
                    "type": "String"
                },
                "description": {
                    "type": "String"
                }
            }
        }
    ]
}
