{
    "name": "dmlesOrganization",
    "collections": [
        {
            "DmlssHost": {
                "_id": {
                    "type": "ObjectId"
                },
                "dodaac": {
                    "type": "String"
                },
                "hostname": {
                    "type": "String"
                },
                "ip": {
                    "type": "String"
                },
                "orgNodeRef": {
                    "id": {
                        "type": "String"
                    },
                    "name": {
                        "type": "String"
                    }
                }
            }
        },
        {
            "NodeType": {
                "_id": {
                    "type": "ObjectId"
                },
                "name": {
                    "type": "String"
                }
            }
        },
        {
            "Node": {
                "_id": {
                    "type": "ObjectId"
                },
                "guid": {
                    "type": "String"
                },
                "children": {
                    "type": "Array"
                },
                "parent": {
                    "type": "String"
                },
                "name": {
                    "type": "String"
                },
                "orgId": {
                    "type": "String"
                },
                "milServiceId": {
                    "type": "String"
                },
                "providerCode": {
                    "type": "String"
                },
                "isPrimaryHost": {
                    "type": "Boolean"
                },
                "orgRef": {
                    "type": "String"
                },
                "parentRef": {
                    "type": "String"
                },
                "treeLevel": {
                    "type": "Number"
                },
                "nodeChain": {
                    "type": "String"
                },
                "nodeTypeRef": {
                    "id": {
                        "type": "String"
                    },
                    "name": {
                        "type": "String"
                    }
                },
                "serviceProviderRefs": [
                    {
                        "id": {
                            "type": "String"
                        },
                        "name": {
                            "type": "String"
                        }
                    }]
            }
        },
        {
            "ServiceProvider": {
                "_id": {
                    "type": "ObjectId"
                },
                "name": {
                    "type": "String"
                },
                "consumer": {
                    "roleRefs": [{
                            "id": {
                                "type": "String"
                            },
                            "name": {
                                "type": "String"
                            }
                        }]
                },
                "provider": {}
            }
        }
    ]
}
