{
    "name": "dmlesSeller",
    "collections": [
        {
            "Contract": {
                "_id": {
                    "type": "ObjectId"
                },
                "ownerOrgNodeId": {
                    "type": "String"
                },
                "number": {
                    "type": "String"
                },
                "primeVendorName": {
                    "type": "String"
                },
                "effectiveDate": {
                    "type": "Date"
                },
                "endDate": {
                    "type": "Date"
                },
                "globalRegion": {
                    "type": "String"
                },
                "callNumStart": {
                    "type": "String"
                },
                "callNumEnd": {
                    "type": "String"
                },
                "callNumLastUsed": {
                    "type": "String"
                },
                "maxOrderDollarAmount": {
                    "type": "Number"
                },
                "minOrderDollarAmount": {
                    "type": "Number"
                },
                "sosCd": {
                    "type": "String"
                },
                "attributes": {
                    "isPrimary": {
                        "type": "Boolean"
                    },
                    "isMof": {
                        "type": "Boolean"
                    },
                    "isConus": {
                        "type": "Boolean"
                    },
                    "isSmallBusiness": {
                        "type": "Boolean"
                    },
                    "isWomanOwned": {
                        "type": "Boolean"
                    }
                },
                "costRecovery": [{
                        "ownerOrgNodeId": {
                            "type": "String"
                        },
                        "costRecoveryRate": {
                            "type": "Number"
                        },
                        "distributionFeeRate": {
                            "type": "Number"
                        }
                    }]
            }
        },
        {
            "Seller": {
                "_id": {
                    "type": "ObjectId"
                },
                "ownerOrgNodeId": {
                    "type": "String"
                },
                "name": {
                    "type": "String"
                },
                "description": {
                    "type": "String"
                },
                "attributes": {
                    "isExternal": {
                        "type": "Boolean"
                    },
                    "acceptLocalContract": {
                        "type": "Boolean"
                    },
                    "acceptPurchaseCard": {
                        "type": "Boolean"
                    },
                    "hasContract": {
                        "type": "Boolean"
                    },
                    "estimatedLeadDays": {
                        "type": "Number"
                    },
                    "acknowledgementHours": {
                        "type": "Number"
                    },
                    "isSmallBusiness": {
                        "type": "Boolean"
                    },
                    "isWomanOwned": {
                        "type": "Boolean"
                    },
                    "isMinorityOwned": {
                        "type": "Boolean"
                    }
                },
                "contact": {
                    "firstName": {
                        "type": "String"
                    },
                    "lastName": {
                        "type": "String"
                    },
                    "title": {
                        "type": "String"
                    },
                    "workPhone": {
                        "type": "String"
                    },
                    "mobilePhone": {
                        "type": "String"
                    },
                    "email": {
                        "type": "String"
                    },
                    "website": {
                        "type": "String"
                    }
                },
                "orderingAddress": {
                    "address1": {
                        "type": "String"
                    },
                    "address2": {
                        "type": "String"
                    },
                    "city": {
                        "type": "String"
                    },
                    "state": {
                        "type": "String"
                    },
                    "zip": {
                        "type": "String"
                    },
                    "country": {
                        "type": "String"
                    }
                },
                "remitToAddress": {
                    "address1": {
                        "type": "String"
                    },
                    "address2": {
                        "type": "String"
                    },
                    "city": {
                        "type": "String"
                    },
                    "state": {
                        "type": "String"
                    },
                    "zip": {
                        "type": "String"
                    },
                    "country": {
                        "type": "String"
                    }
                }
            }
        },
        {
            "SellerOwnerNode": {
                "_id": {
                    "type": "ObjectId"
                },
                "ownerOrgNodeId": {
                    "type": "String"
                },
                "sellerId": {
                    "type": "String"
                },
                "sellerName": {
                    "type": "String"
                },
                "contact": {
                    "firstName": {
                        "type": "String"
                    },
                    "lastName": {
                        "type": "String"
                    },
                    "title": {
                        "type": "String"
                    },
                    "mobilePhone": {
                        "type": "String"
                    },
                    "workPhone": {
                        "type": "String"
                    },
                    "email": {
                        "type": "String"
                    },
                    "website": {
                        "type": "String"
                    }
                },
                "orderingAddress": {
                    "address1": {
                        "type": "String"
                    },
                    "address2": {
                        "type": "String"
                    },
                    "city": {
                        "type": "String"
                    },
                    "state": {
                        "type": "String"
                    },
                    "zip": {
                        "type": "String"
                    },
                    "country": {
                        "type": "String"
                    }
                },
                "remitToAddress": {
                    "address1": {
                        "type": "String"
                    },
                    "address2": {
                        "type": "String"
                    },
                    "city": {
                        "type": "String"
                    },
                    "state": {
                        "type": "String"
                    },
                    "zip": {
                        "type": "String"
                    },
                    "country": {
                        "type": "String"
                    }
                },
                "contract": {
                    "number": {
                        "type": "String"
                    },
                    "effectiveDate": {
                        "type": "Date"
                    },
                    "endDate": {
                        "type": "Date"
                    },
                    "globalRegion": {
                        "type": "String"
                    },
                    "callNumStart": {
                        "type": "String"
                    },
                    "callNumEnd": {
                        "type": "String"
                    },
                    "callNumLastUsed": {
                        "type": "String"
                    },
                    "maxOrderDollarAmount": {
                        "type": "Number"
                    },
                    "minOrderDollarAmount": {
                        "type": "Number"
                    },
                    "sosCd": {
                        "type": "String"
                    },
                    "attributes": {
                        "isPrimary": {
                            "type": "Boolean"
                        },
                        "isMof": {
                            "type": "Boolean"
                        },
                        "isConus": {
                            "type": "Boolean"
                        },
                        "isSmallBusiness": {
                            "type": "Boolean"
                        },
                        "isWomanOwned": {
                            "type": "Boolean"
                        }
                    },
                    "costRecovery": [
                        {
                            "ownerOrgNodeId": {
                                "type": "String"
                            },
                            "costRecoveryRate": {
                                "type": "Number"
                            },
                            "distributionFeeRate": {
                                "type": "Number"
                            }
                        }
                    ]
                }
            }
        },
        {
            "SellerUserAccount": {
                "_id": {
                    "type": "ObjectId"
                },
                "sellerId": {
                    "type": "String"
                },
                "userId": {
                    "type": "String"
                },
                "accountNumber": {
                    "type": "String"
                }
            }
        },
        {
            "Supplier": {
                "_id": {
                    "type": "ObjectId"
                },
                "name": {
                    "type": "String"
                }
            }
        }
    ]
}
