{
    "name": "dmlesRealEstate",
    "collections": [
        {
            "Address Lookup": {
                "_id": {
                    "type": "ObjectId"
                },
                "country": {
                    "code": {
                        "type": "String"
                    },
                    "name": {
                        "type": "String"
                    }
                },
                "state": {
                    "code": {
                        "type": "String"
                    },
                    "name": {
                        "type": "String"
                    }
                },
                "county": {
                    "code": {
                        "type": "String"
                    },
                    "name": {
                        "type": "String"
                    }
                },
                "city": {
                    "code": {
                        "type": "String"
                    },
                    "name": {
                        "type": "String"
                    }
                },
                "area": {
                    "code": {
                        "type": "String"
                    },
                    "description": {
                        "type": "String"
                    }
                },
                "epaRegionCode": {
                    "type": "String"
                },
                "gsaRegionCode": {
                    "type": "String"
                },
                "metroStatisticalArea": {
                    "id": {
                        "type": "String"
                    },
                    "code": {
                        "type": "String"
                    },
                    "name": {
                        "type": "String"
                    }
                }
            }
        },
        {
            "CommandClaimant": {
                "_id": {
                    "type": "String"
                },
                "code": {
                    "type": "String"
                },
                "name": {
                    "type": "String"
                }
            }
        },
        {
            "AddressStreetPostDirection": {
                "_id": {
                    "type": "ObjectId"
                },
                "code": {
                    "type": "String"
                },
                "name": {
                    "type": "String"
                }
            }
        },
        {
            "EpaRegion": {
                "_id": {
                    "type": "ObjectId"
                },
                "code": {
                    "type": "String"
                },
                "name": {
                    "type": "String"
                }
            }
        },
        {
            "GsaRegion": {
                "_id": {
                    "type": "ObjectId"
                },
                "code": {
                    "type": "String"
                },
                "name": {
                    "type": "String"
                }
            }
        },
        {
            " MetroStatisticalArea": {
                "_id": {
                    "type": "ObjectId"
                },
                "code": {
                    "type": "String"
                },
                "name": {
                    "type": "String"
                }
            }
        },
        {
            "OperationalStatus": {
                "_id": {
                    "type": "ObjectId"
                },
                "code": {
                    "type": "String"
                },
                "name": {
                    "type": "String"
                }
            }
        },
        {
            "ReportingComponent": {
                "_id": {
                    "type": "ObjectId"
                },
                "code": {
                    "type": "String"
                },
                "name": {
                    "type": "String"
                }
            }
        },
        {
            "AddressStreetType": {
                "_id": {
                    "type": "ObjectId"
                },
                "code": {
                    "type": "String"
                },
                "name": {
                    "type": "String"
                }
            }
        },
        {
            "Installation": {
                "_id": {
                    "type": "ObjectId"
                },
                "serviceAgencyCode": {
                    "type": "String"
                },
                "name": {
                    "type": "String"
                },
                "code": {
                    "type": "String"
                },
                "operationalStatus": {
                    "id": {
                        "type": "String"
                    },
                    "code": {
                        "type": "String"
                    },
                    "name": {
                        "type": "String"
                    }
                },
                "reportingComponent": {
                    "id": {
                        "type": "String"
                    },
                    "code": {
                        "type": "String"
                    },
                    "name": {
                        "type": "String"
                    }
                },
                "isRecordActive": {
                    "type": "Boolean"
                },
                "createdDate": {
                    "type": "Date"
                },
                "closedDate": {
                    "type": "Date"
                },
                "isVirtualInstallation": {
                    "type": "Boolean"
                },
                "isDhaInstallation": {
                    "type": "Boolean"
                }
            }
        }, 
        {
            "Site": {
                "_id": {
                    "type": "ObjectId"
                },
                "code": {
                    "type": "String"
                },
                "name": {
                    "type": "String"
                },
                "installation": {
                    "id": {
                        "type": "String"
                    },
                    "code": {
                        "type": "String"
                    },
                    "name": {
                        "type": "String"
                    }
                },
                "uid": {
                    "type": "String"
                },
                "commandClaimant": {
                    "id": {
                        "type": "String"
                    },
                    "code": {
                        "type": "String"
                    },
                    "name": {
                        "type": "String"
                    }
                },
                "operationalStatus": {
                    "id": {
                        "type": "String"
                    },
                    "code": {
                        "type": "String"
                    },
                    "name": {
                        "type": "String"
                    }
                },
                "isPrimary": {
                    "type": "Boolean"
                },
                "reportingComponent": {
                    "id": {
                        "type": "String"
                    },
                    "code": {
                        "type": "String"
                    },
                    "name": {
                        "type": "String"
                    }
                },
                "isRecordActive": {
                    "type": "Boolean"
                },
                "ruralUrbanCode": {
                    "type": "String"
                },
                "createdDate": {
                    "type": "Date"
                },
                "congressionalDistrictCode": {
                    "type": "String"
                },
                "epaRegion": {
                    "id": {
                        "type": "String"
                    },
                    "code": {
                        "type": "String"
                    },
                    "name": {
                        "type": "String"
                    }
                },
                "gsaRegion": {
                    "id": {
                        "type": "String"
                    },
                    "code": {
                        "type": "String"
                    },
                    "name": {
                        "type": "String"
                    }
                },
                "metroStatisticalArea": {
                    "id": {
                        "type": "String"
                    },
                    "code": {
                        "type": "String"
                    },
                    "name": {
                        "type": "String"
                    }
                },
                "closedDate": {
                    "type": "Date"
                },
                "landArea": {
                    "value": {
                        "type": "Number"
                    },
                    "uom": {
                        "type": "String"
                    }
                },
                "releasedDate": {
                    "type": "Date"
                },
                "isLeased": {
                    "type": "Boolean"
                },
                "address": {
                    "streetName": {
                        "type": "String"
                    },
                    "streetNumber": {
                        "type": "String"
                    },
                    "directionCode": {
                        "type": "String"
                    },
                    "streetTypeCode": {
                        "type": "String"
                    },
                    "typeCode": {
                        "type": "String"
                    },
                    "unitNumber": {
                        "type": "String"
                    },
                    "addresseeTitleName": {
                        "type": "String"
                    },
                    "city": {
                        "code": {
                            "type": "String"
                        },
                        "name": {
                            "type": "String"
                        }
                    },
                    "state": {
                        "code": {
                            "type": "String"
                        },
                        "name": {
                            "type": "String"
                        }

                    },
                    "country": {
                        "code": {
                            "type": "String"
                        },
                        "name": {
                            "type": "String"
                        }
                    },
                    "county": {
                        "code": {
                            "type": "String"
                        },
                        "name": {
                            "type": "String"
                        }
                    },
                    "locationDirections": {
                        "type": "String"
                    },
                    "postalCode": {
                        "type": "String"
                    },
                    "latitudeCoordinate": {
                        "type": "String"
                    },
                    "longitudeCoordinate": {
                        "type": "String"
                    },
                    "primarySubdivisionCode": {
                        "type": "String"
                    }
                }
            }
        }
    ]
}
