{
    "name": "dmlesInventory",
    "collections": [
        {
            "StorageLocation": {
                "_id": {
                    "type": "ObjectId"
                },
                "name": {
                    "type": "String"
                },
                "ownerOrgNodeId": {
                    "type": "String"
                },
                "locationTypes": {
                    "type": "Array"
                },
                "locationAccess": {
                    "type": "String"
                },
                "authorizedOrgNodeIds": {
                    "type": "Array"
                }
            }
        },
        {
            "InventoryRecord": {
                "_id": {
                    "type": "ObjectId"
                },
                "ownerOrgNodeId": {
                    "type": "String"
                },
                "catalogItemId": {
                    "type": "String"
                },
                "storageRecords": [{
                        "storageRecordId": {
                            "type": "String"
                        },
                        "storageLocationId": {
                            "type": "String"
                        },
                        "stratificationState": {
                            "type": "String"
                        },
                        "onHandBalanceQty": {
                            "type": "Number"
                        },
                        "physicalBalanceDifferenceQty": {
                            "type": "Number"
                        },
                        "queuedForPickQty": {
                            "type": "Number"
                        },
                        "inPickQty": {
                            "type": "Number"
                        },
                        "queuedForPutQty": {
                            "type": "Number"
                        },
                        "inPutQty": {
                            "type": "Number"
                        },
                        "lastInventoryDate": {
                            "type": "string"
                        }
                    }],
                "reorderPointQty": {
                    "type": "Number"
                },
                "levelQty": {
                    "type": "Number"
                },
                "levelingType": {
                    "type": "String"
                },
                "unitOfInventory": {
                    "type": "String"
                },
                "unitOfInventoryPrice": {
                    "type": "Number"
                },
                "unitOfInventoryQty": {
                    "type": "Number"
                },
                "isResellable": {
                    "type": "Boolean"
                }
            }
        }
    ]
}
