<?xml version="1.0" encoding="UTF-8"?>
<archetype-descriptor
	xsi:schemaLocation="http://maven.apache.org/plugins/maven-archetype-plugin/archetype-descriptor/1.0.0 http://maven.apache.org/xsd/archetype-descriptor-1.0.0.xsd"
	name="equipment-management"
	xmlns="http://maven.apache.org/plugins/maven-archetype-plugin/archetype-descriptor/1.0.0"
	xmlns:xsi="http://www.w3.org/2001/XMLSchema-instance">
	
	<requiredProperties>
		<requiredProperty key="moduleClassName" />
		<requiredProperty key="packageModuleName" />
		
		<requiredProperty key="groupId">
			<defaultValue>mil.jmlfdc</defaultValue>
		</requiredProperty>
	</requiredProperties>
	
	<fileSets>
		<fileSet filtered="true" encoding="UTF-8">
			<directory>src/main/java/__packageInPathFormat__/__packageModuleName__/business</directory>
		</fileSet>
		<fileSet filtered="true" encoding="UTF-8">
			<directory>src/main/java/__packageInPathFormat__/__packageModuleName__/dao</directory>
		</fileSet>		
		<fileSet filtered="true" encoding="UTF-8">
			<directory>src/main/java/__packageInPathFormat__/__packageModuleName__/datamodel</directory>
		</fileSet>				
		<fileSet filtered="true" encoding="UTF-8">
			<directory>src/main/java/__packageInPathFormat__/__packageModuleName__/restapi</directory>
		</fileSet>				
		<fileSet filtered="true" encoding="UTF-8">
			<directory>src/main/java/__packageInPathFormat__/__packageModuleName__/utils</directory>
		</fileSet>
		<fileSet filtered="true" encoding="UTF-8">
			<directory>src/main/webapp</directory>
		</fileSet>
		
		<fileSet filtered="true" encoding="UTF-8">
			<directory>src/test/java/__packageInPathFormat__/__packageModuleName__</directory>
		</fileSet>		
                
		<fileSet filtered="true" encoding="UTF-8">
			<directory>src/main/resources</directory>
			<includes>
				<include>**/*.xml</include>
				<include>**/*.properties</include>
			</includes>
		</fileSet>
		
		<fileSet filtered="true" encoding="UTF-8">
			<directory>src/test/resources</directory>
			<includes>
				<include>**/*</include>
			</includes>
		</fileSet>		
	</fileSets>
</archetype-descriptor>
