<assembly xmlns="http://maven.apache.org/plugins/maven-assembly-plugin/assembly/1.1.2"
    xmlns:xsi="http://www.w3.org/2001/XMLSchema-instance"
    xsi:schemaLocation="http://maven.apache.org/plugins/maven-assembly-plugin/assembly/1.1.2 http://maven.apache.org/xsd/assembly-1.1.2.xsd">
    <id>bin</id>
    <baseDirectory>/</baseDirectory>
    <formats>
        <format>
            tar
        </format>
    </formats>
    <fileSets>
        <fileSet>
          <directory>${project.parent.basedir}</directory>
          <outputDirectory>dmles-pt</outputDirectory>
          <includes>
              <include>src/**</include>
              <include>appconfig.js</include>
          </includes>
        </fileSet>
   </fileSets>
     
</assembly>