{
    "sampleSite": {
        "siteName": {
            "type": "String"
        },
        "emOrgID": {
            "type": "String"
        },
        "emOrgName": {
            "type": "String"
        },
        "emOrgSerial": {
            "type": "String"
        },
        "emAssociatedORGIDS": {
            "organizationSerial": {
                "type": "String"
            },
            "organizationID": {
                "type": "String"
            },
            "organizationOrgName": {
                "type": "String"
            },
            "customerIDs": {
                "customerID": {
                    "type": "String"
                },
                "customerName": {
                    "type": "String"
                },
                "customerSerial": {
                    "type": "String"
                }
            }
        },
        "createdDttm": {
            "type": "Date"
        },
        "updatedDttm": {
            "type": "Date"
        }
    }
}
